id,group,age,sex,baseline-sbp,baseline-crp,day28-sbp
SIM001,B,,F,113.9,0.68,119.6
SIM002,B,41.8,M,150.5,5.04,134.8
SIM003,A,52.2,F,135.5,9.39,111.7
SIM004,B,61.6,M,153.5,4.03,145.7
SIM005,A,54.8,F,144.1,3.91,138.4
SIM006,A,,F,165.2,1.82,154.2
SIM007,A,62.3,,135.4,2.23,129.5
SIM008,B,77.1,F,126.8,,115.7
SIM009,A,53.8,M,146.2,1.99,122.3
SIM010,B,72.6,M,,23.16,169.0
SIM011,B,72.4,M,125.2,6.08,121.9
SIM012,B,55.2,F,129.6,1.85,115.6
SIM013,B,71.6,M,131.2,6.93,124.9
SIM014,A,47.4,M,137.9,2.12,136.4
SIM015,A,53.1,F,142.7,1.07,132.8
SIM016,A,53.9,F,150.6,1.47,137.7
SIM017,A,67.3,M,153.0,6.77,143.8
SIM018,A,44.0,M,123.7,2.66,128.9
SIM019,B,70.6,F,146.2,12.86,
SIM020,B,57.1,F,131.2,8.59,129.1
SIM021,B,67.2,M,132.0,3.23,135.1
SIM022,A,68.3,M,135.2,1.49,
SIM023,A,52.5,M,145.5,2.13,
SIM024,B,68.8,F,129.6,8.36,128.3
SIM025,A,54.1,M,133.0,,137.3
SIM026,B,57.9,M,128.7,5.34,125.8
SIM027,A,64.8,M,139.7,4.15,122.0
SIM028,B,58.1,M,145.9,3.96,122.2
SIM029,B,59.5,F,120.6,6.06,102.1
SIM030,B,59.1,F,143.0,8.1,120.0
SIM031,A,79.1,F,132.9,,133.6
SIM032,B,45.7,,143.2,3.16,147.5
SIM033,A,,F,145.6,42.58,125.3
SIM034,B,57.9,M,130.6,1.63,
SIM035,B,64.8,M,113.1,0.86,102.3
SIM036,A,75.6,M,159.1,4.36,157.4
SIM037,B,63.9,M,133.5,2.47,131.4
SIM038,A,65.7,M,,12.73,162.4
SIM039,A,59.3,M,138.7,24.43,149.2
SIM040,A,64.3,F,128.6,13.41,125.8
SIM041,B,61.1,F,151.5,2.24,145.7
SIM042,B,52.1,M,132.3,14.26,118.0
SIM043,B,43.7,M,141.8,2.95,136.3
SIM044,A,50.3,M,146.1,1.35,143.7
SIM045,B,67.1,F,155.0,0.9,151.7
SIM046,A,86.7,F,146.2,5.45,140.7
SIM047,B,78.7,F,138.1,1.38,115.0
SIM048,A,63.8,F,134.7,3.52,134.7
SIM049,A,67.8,M,139.4,4.01,144.2
SIM050,A,75.2,F,120.4,3.21,130.6
SIM051,A,45.5,F,159.5,2.56,143.3
SIM052,B,48.9,M,118.7,2.52,110.1
SIM053,B,57.2,F,158.3,3.81,137.7
SIM054,A,34.4,F,162.0,3.27,150.7
SIM055,B,50.0,M,143.4,1.38,132.3
SIM056,A,38.3,F,122.2,1.24,107.3
SIM057,A,90.0,F,150.3,7.09,141.7
SIM058,B,69.5,M,150.0,0.66,135.7
SIM059,B,70.9,F,128.6,7.35,107.6
SIM060,A,80.7,F,126.9,2.51,
SIM061,A,62.5,F,148.7,,152.0
SIM062,B,50.9,M,143.1,6.46,122.3
SIM063,B,43.8,M,168.8,19.72,149.4
SIM064,A,77.5,F,137.5,0.49,124.4
SIM065,B,,F,157.5,5.72,165.0
SIM066,B,73.8,F,181.3,1.76,167.4
SIM067,A,55.6,M,139.3,5.24,143.6
SIM068,A,63.4,M,151.4,3.12,152.1
SIM069,B,48.9,M,139.7,1.82,
SIM070,B,67.8,M,126.8,5.32,118.7
SIM071,B,78.0,F,132.1,3.28,107.8
SIM072,A,60.7,F,153.5,3.56,151.0
SIM073,B,55.0,M,133.2,2.74,114.8
SIM074,B,55.0,F,111.7,2.57,105.3
SIM075,B,,,158.4,2.08,
SIM076,B,64.4,M,138.8,,123.9
SIM077,A,60.6,F,154.5,3.94,154.7
SIM078,B,45.5,F,122.6,,116.8
SIM079,A,55.8,F,138.0,2.76,132.0
SIM080,A,61.4,F,149.2,26.97,151.5
SIM081,A,70.3,F,147.8,7.28,154.0
SIM082,A,70.8,F,142.7,2.16,131.7
SIM083,B,66.4,F,121.4,2.97,115.3
SIM084,B,62.3,F,154.7,0.82,150.2
SIM085,A,49.6,F,142.2,2.6,137.2
SIM086,B,35.2,M,113.0,6.62,105.4
SIM087,A,73.9,M,138.6,7.76,136.8
SIM088,B,72.7,M,143.6,4.83,141.1
SIM089,A,74.8,M,126.9,,117.9
SIM090,A,59.5,F,127.1,4.74,117.2
SIM091,A,68.6,F,,3.12,145.9
SIM092,B,84.8,M,149.6,0.99,132.3
SIM093,A,75.2,F,127.2,5.89,116.9
SIM094,A,57.1,M,135.0,7.51,131.5
SIM095,A,56.3,M,154.7,41.18,143.7
SIM096,B,45.6,F,135.6,30.07,
